chrom	start	end	strand	sequence	true_label	score	prediction	category	cluster_label
chr1	151613106	151613206	-	AGGGTCAGAAAGCAAGGTAAACTCTTGGAGTAGAAATACAAAAAGGAGGGGAGGAAAGGGGCACACGGTGGGATGGAAAAATTTAGGGGCAGCGTAACCA	0.0	0.72576505	1	False Positive	0
chr12	8949361	8949461	+	GGGCTCCTCAGCCAGATCTTTGGCTAGAACCATGGTCAAGGGAGAATGCGATTCCGGCTCCTGTCACAGACGCTTAAGTGTGAGCGCAACCCAGCCCGCC	0.0	0.85853255	1	False Positive	1
chr3	140942530	140942630	-	AGGAGTCTCCGGCGCCCATTTTGTCCTCAGCCTCCGCACTTTCCGCCCCGTCCCCTTGGGCCATGCAACCTACGCGAAATCCGAAGCCAGGCTCCTCAAA	0.0	0.99724543	1	False Positive	2
chr20	53593171	53593271	-	TCCGGACGGGCATCCCCCCGTAAACAATGGCCGGGACGGTCCACTCGGGCCGGGCGGAGGGCGCCTCTAAGGGACCGCGGGAGGGGCTGGGCCTCGCCGC	0.0	0.62213784	1	False Positive	3
chr12	8949361	8949461	+	GGGCTCCTCAGCCAGATCTTTGGCTAGAACCATGGTCAAGGGAGAATGCGATTCCGGCTCCTGTCACAGACGCTTAAGTGTGAGCGCAACCCAGCCCGCC	0.0	0.85853255	1	False Positive	1
chr1_KI270713v1_random	21883	21983	-	TTTTCCCAGGGCGAGGCTTATCCATTGCACTCCGGATGTGCTGACCCCTGCGATTTCCCCAAATGTGGGAAACTCGACTGCATAATTTGTGGTAGTGGGG	0.0	0.74885964	1	False Positive	4
chr18	51196450	51196550	+	GCGGTGGACTTGGGGGCCTCGCCGGGTTCGCCTTTTCCGTCCCACGCTCCTTTCTCTCGTCTCCCCACCCACGCCCGGGGCCATGCCCAGCTGGACCTCC	0.0	0.9185532	1	False Positive	5
chr10	73998893	73998993	+	TGCCCCTCACCCTGAGACCCGCCTCGCCCACCCCCGCTCCCCAGAGCTCCCTGTATTCCGCCCTTTTATTCACTTGCCTCACTCTCTGTCGCCTCCTCCT	0.0	0.85792214	1	False Positive	6
chr11	65083700	65083800	+	AGTAGGAGATGGGGCCCTTGGCCCTGGAAAGAGAAAAAAGTTAAGTGGTAGAGGAGGACTCTAGACCTTAGAGTCCAGAGAACAGGTTCTAGAGACAGCG	0.0	0.99979895	1	False Positive	7
chr1	205121742	205121842	+	GATCCATAGCCGAACAGTGTCCCTAAGATTGCAGCCTGACTCCCCTCCCGCCTGGGTTCCCTCCTTTCCAGTACCCAACGCTTCTCTAAAACGCAGCCAC	0.0	0.9929971	1	False Positive	8
chr1	16666807	16666907	-	TTTTCCCAGGGCGAGGCTTATCCATTGCACTCCGGATGTGCTGACCCCTGCGATTTCCCCAAATGTGGGAAACTCGACTGCATAATTTGTGGTAGTGGGG	0.0	0.7488599	1	False Positive	4
chr1	205121742	205121842	+	GATCCATAGCCGAACAGTGTCCCTAAGATTGCAGCCTGACTCCCCTCCCGCCTGGGTTCCCTCCTTTCCAGTACCCAACGCTTCTCTAAAACGCAGCCAC	0.0	0.9929971	1	False Positive	8
chr14	69152981	69153081	+	GGAACCGCCGCCGCCGCCGCTCGCGCCGCCGCCCCTCCCTCGGCCTCACGCGCGGCCGCTGCTCCCCCCACCCGGCCCTCCCCCCGCGCTGCGATCCGGA	0.0	0.9978083	1	False Positive	9
chr11	65083700	65083800	+	AGTAGGAGATGGGGCCCTTGGCCCTGGAAAGAGAAAAAAGTTAAGTGGTAGAGGAGGACTCTAGACCTTAGAGTCCAGAGAACAGGTTCTAGAGACAGCG	0.0	0.99979895	1	False Positive	7
chr14	69152981	69153081	+	GGAACCGCCGCCGCCGCCGCTCGCGCCGCCGCCCCTCCCTCGGCCTCACGCGCGGCCGCTGCTCCCCCCACCCGGCCCTCCCCCCGCGCTGCGATCCGGA	0.0	0.9978083	1	False Positive	9
chr18	51196450	51196550	+	GCGGTGGACTTGGGGGCCTCGCCGGGTTCGCCTTTTCCGTCCCACGCTCCTTTCTCTCGTCTCCCCACCCACGCCCGGGGCCATGCCCAGCTGGACCTCC	0.0	0.9185532	1	False Positive	5
chrM	15047	15147	-	GGGAGGACATAGCCTATGAAGGCTGTTGCTATAGTTGCAAGCAGGAGGATAATGCCGATGTTTCAGGTTTCTGAGTAGAGAAATGATCCGTAATATAGGC	0.0	0.7793789	1	False Positive	10
chr1	205121742	205121842	+	GATCCATAGCCGAACAGTGTCCCTAAGATTGCAGCCTGACTCCCCTCCCGCCTGGGTTCCCTCCTTTCCAGTACCCAACGCTTCTCTAAAACGCAGCCAC	0.0	0.9929971	1	False Positive	8
chr3	140942530	140942630	-	AGGAGTCTCCGGCGCCCATTTTGTCCTCAGCCTCCGCACTTTCCGCCCCGTCCCCTTGGGCCATGCAACCTACGCGAAATCCGAAGCCAGGCTCCTCAAA	0.0	0.99724543	1	False Positive	2
chr20	53593171	53593271	-	TCCGGACGGGCATCCCCCCGTAAACAATGGCCGGGACGGTCCACTCGGGCCGGGCGGAGGGCGCCTCTAAGGGACCGCGGGAGGGGCTGGGCCTCGCCGC	0.0	0.6221375	1	False Positive	3
chr11	118437502	118437602	+	TACTGCCAGCCACTCCCCCTTCCTTCACCTCCACCCTCTACCCCCACCCCAAGCAGACCGATCCTCCCCCATCCCGCCCTACCCCACCGGGGAAAATCTC	0.0	0.9999982	1	False Positive	11
chr1	16514144	16514244	-	TTTTCCCAGGGCGAGGCTTATCCATTGCACTCCGGATGTGCTGACCCCTGCGATTTCCCCAAATGTGGGAAACTCGACTGCATAATTTGTGGTAGTGGGG	0.0	0.74885964	1	False Positive	4
chr1	143729429	143729529	-	TTTTCCCAGGGCGAGGCTTATCCATTGCACTCCGGATGTGCTGACCCCTGCGATTTCCCCAAATGTGGGAAACTCGACTGCATAATTTGTGGTAGTGGGG	0.0	0.74885964	1	False Positive	4
chr1	214544800	214544900	-	TTCTTTTCTCTTTCTCACCTCCCCTTCCCTCCTCTTTTTTCTCTCTCACCTCCTCTTCCCTCCTCTTTTTTCTCTCTTACCTCCTCTTCCCTCCTCTTTT	0.0	0.6070835	1	False Positive	12
chr11	118437502	118437602	+	TACTGCCAGCCACTCCCCCTTCCTTCACCTCCACCCTCTACCCCCACCCCAAGCAGACCGATCCTCCCCCATCCCGCCCTACCCCACCGGGGAAAATCTC	0.0	0.9999982	1	False Positive	11
chr3	140942530	140942630	-	AGGAGTCTCCGGCGCCCATTTTGTCCTCAGCCTCCGCACTTTCCGCCCCGTCCCCTTGGGCCATGCAACCTACGCGAAATCCGAAGCCAGGCTCCTCAAA	0.0	0.99724543	1	False Positive	2
chr1	151613106	151613206	-	AGGGTCAGAAAGCAAGGTAAACTCTTGGAGTAGAAATACAAAAAGGAGGGGAGGAAAGGGGCACACGGTGGGATGGAAAAATTTAGGGGCAGCGTAACCA	0.0	0.72576505	1	False Positive	0
chr1	214544800	214544900	-	TTCTTTTCTCTTTCTCACCTCCCCTTCCCTCCTCTTTTTTCTCTCTCACCTCCTCTTCCCTCCTCTTTTTTCTCTCTTACCTCCTCTTCCCTCCTCTTTT	0.0	0.6070835	1	False Positive	12
chr14	69152981	69153081	+	GGAACCGCCGCCGCCGCCGCTCGCGCCGCCGCCCCTCCCTCGGCCTCACGCGCGGCCGCTGCTCCCCCCACCCGGCCCTCCCCCCGCGCTGCGATCCGGA	0.0	0.9978083	1	False Positive	9
chr1	214544800	214544900	-	TTCTTTTCTCTTTCTCACCTCCCCTTCCCTCCTCTTTTTTCTCTCTCACCTCCTCTTCCCTCCTCTTTTTTCTCTCTTACCTCCTCTTCCCTCCTCTTTT	0.0	0.6070835	1	False Positive	12
chr20	53593171	53593271	-	TCCGGACGGGCATCCCCCCGTAAACAATGGCCGGGACGGTCCACTCGGGCCGGGCGGAGGGCGCCTCTAAGGGACCGCGGGAGGGGCTGGGCCTCGCCGC	0.0	0.62213784	1	False Positive	3
chr10	73998893	73998993	+	TGCCCCTCACCCTGAGACCCGCCTCGCCCACCCCCGCTCCCCAGAGCTCCCTGTATTCCGCCCTTTTATTCACTTGCCTCACTCTCTGTCGCCTCCTCCT	0.0	0.8579222	1	False Positive	6
chrM	15047	15147	-	GGGAGGACATAGCCTATGAAGGCTGTTGCTATAGTTGCAAGCAGGAGGATAATGCCGATGTTTCAGGTTTCTGAGTAGAGAAATGATCCGTAATATAGGC	0.0	0.7793789	1	False Positive	10
chr11	65083700	65083800	+	AGTAGGAGATGGGGCCCTTGGCCCTGGAAAGAGAAAAAAGTTAAGTGGTAGAGGAGGACTCTAGACCTTAGAGTCCAGAGAACAGGTTCTAGAGACAGCG	0.0	0.99979895	1	False Positive	7
chr1	144560688	144560788	-	TTTTCCCAGGGCGAGGCTTATCCATTGCACTCCGGATGTGCTGACCCCTGCGATTTCCCCAAATGTGGGAAACTCGACTGCATAATTTGTGGTAGTGGGG	0.0	0.7488597	1	False Positive	4
chrM	15047	15147	-	GGGAGGACATAGCCTATGAAGGCTGTTGCTATAGTTGCAAGCAGGAGGATAATGCCGATGTTTCAGGTTTCTGAGTAGAGAAATGATCCGTAATATAGGC	0.0	0.7793789	1	False Positive	10
chr20	53593171	53593271	-	TCCGGACGGGCATCCCCCCGTAAACAATGGCCGGGACGGTCCACTCGGGCCGGGCGGAGGGCGCCTCTAAGGGACCGCGGGAGGGGCTGGGCCTCGCCGC	0.0	0.62213784	1	False Positive	3
chr12	8949361	8949461	+	GGGCTCCTCAGCCAGATCTTTGGCTAGAACCATGGTCAAGGGAGAATGCGATTCCGGCTCCTGTCACAGACGCTTAAGTGTGAGCGCAACCCAGCCCGCC	0.0	0.85853255	1	False Positive	1
chr19	1815948	1816048	+	CTGGGCTGCCTCGGCCAGGTGGACGGGTTACCGGAGATTTATTGCACTGTTTTGGAAGAGGCATGGGGCTAAGGACCAGCGGGACGGCAGGAGAGGCGGG	0.0	0.99642795	1	False Positive	13
chr11	118437502	118437602	+	TACTGCCAGCCACTCCCCCTTCCTTCACCTCCACCCTCTACCCCCACCCCAAGCAGACCGATCCTCCCCCATCCCGCCCTACCCCACCGGGGAAAATCTC	0.0	0.9999982	1	False Positive	11
chr1	205121742	205121842	+	GATCCATAGCCGAACAGTGTCCCTAAGATTGCAGCCTGACTCCCCTCCCGCCTGGGTTCCCTCCTTTCCAGTACCCAACGCTTCTCTAAAACGCAGCCAC	0.0	0.9929971	1	False Positive	8
chr10	73998893	73998993	+	TGCCCCTCACCCTGAGACCCGCCTCGCCCACCCCCGCTCCCCAGAGCTCCCTGTATTCCGCCCTTTTATTCACTTGCCTCACTCTCTGTCGCCTCCTCCT	0.0	0.85792214	1	False Positive	6
chr19	1815948	1816048	+	CTGGGCTGCCTCGGCCAGGTGGACGGGTTACCGGAGATTTATTGCACTGTTTTGGAAGAGGCATGGGGCTAAGGACCAGCGGGACGGCAGGAGAGGCGGG	0.0	0.99642795	1	False Positive	13
chr18	51196450	51196550	+	GCGGTGGACTTGGGGGCCTCGCCGGGTTCGCCTTTTCCGTCCCACGCTCCTTTCTCTCGTCTCCCCACCCACGCCCGGGGCCATGCCCAGCTGGACCTCC	0.0	0.9185532	1	False Positive	5
chr12	8949361	8949461	+	GGGCTCCTCAGCCAGATCTTTGGCTAGAACCATGGTCAAGGGAGAATGCGATTCCGGCTCCTGTCACAGACGCTTAAGTGTGAGCGCAACCCAGCCCGCC	0.0	0.85853255	1	False Positive	1
chr1_KI270713v1_random	21883	21983	-	TTTTCCCAGGGCGAGGCTTATCCATTGCACTCCGGATGTGCTGACCCCTGCGATTTCCCCAAATGTGGGAAACTCGACTGCATAATTTGTGGTAGTGGGG	0.0	0.74885964	1	False Positive	4
chr19	1815948	1816048	+	CTGGGCTGCCTCGGCCAGGTGGACGGGTTACCGGAGATTTATTGCACTGTTTTGGAAGAGGCATGGGGCTAAGGACCAGCGGGACGGCAGGAGAGGCGGG	0.0	0.99642795	1	False Positive	13
chr1	151613106	151613206	-	AGGGTCAGAAAGCAAGGTAAACTCTTGGAGTAGAAATACAAAAAGGAGGGGAGGAAAGGGGCACACGGTGGGATGGAAAAATTTAGGGGCAGCGTAACCA	0.0	0.72576505	1	False Positive	0
