RG4 id,Chromosome,RG4 Start,RG4 End,Strand,Region,Gene Symbol,Prediction Tool,Specie,Prediction Score,Percentile Score,Intron,Sequence,Width
47348,12,65824773,65824794,+,5'UTR,HMGA2,QGRSmapper,Homo sapiens, 20.00,65%,,GGGTGGGGGGAAGAGGAGGAGG,22
47349,12,65825085,65825112,+,5'UTR,HMGA2,QGRSmapper,Homo sapiens, 20.00,65%,,GGACGTCCGGTGTTGATGGTGGCAGCGG,28
47350,12,65825220,65825247,+,5'UTR,HMGA2,QGRSmapper,Homo sapiens, 20.00,65%,,GGCGGTCGAGGCGAAGCGGCTGCAGCGG,28
72498,12,65955038,65955051,+,3'UTR,HMGA2,QGRSmapper,Homo sapiens, 19.00,40%,,GGGCGTGGCGGCGG,14
72499,12,65955110,65955120,+,3'UTR,HMGA2,QGRSmapper,Homo sapiens, 21.00,80%,,GGCGGGGGAGG,11
72500,12,65955273,65955287,+,3'UTR,HMGA2,QGRSmapper,Homo sapiens, 19.00,40%,,GGAAATGGTGGTAGG,15
72501,12,65956037,65956051,+,3'UTR,HMGA2,QGRSmapper,Homo sapiens, 19.00,40%,,GGGAAGGAGGAAAGG,15
72502,12,65956459,65956477,+,3'UTR,HMGA2,QGRSmapper,Homo sapiens, 19.00,40%,,GGAAATTGGAGGGCAGAGG,19
151339,12,65824770,65824794,+,5'UTR,HMGA2,pqsfinder,Homo sapiens, 54.00,35%,,GCAGGGTGGGGGGAAGAGGAGGAGG,25
201892,12,65824770,65824794,+,5'UTR,HMGA2,G4Hunter,Homo sapiens,  1.84,95%,,GCAGGGTGGGGGGAAGAGGAGGAGG,25
210077,12,65843315,65843335,+,3'UTR,HMGA2,G4Hunter,Homo sapiens,  1.24,20%,,GCTTTTGAAGGGGGGCAGTTG,21
211891,12,65952567,65952587,+,3'UTR,HMGA2,G4Hunter,Homo sapiens,  1.38,65%,,GCTAAGAGTGGGAGAGGGGTG,21
221590,12,42161087,42161129,-,3'UTR,HMGA2,3 tools consensus,Homo sapiens,,95%,,GGGGGAGGGGGGAGGGGTGGGATGATGGGGAAAGGGTGGGGGG,43
